Datetime,Water Level (m)
2025-08-19 00:00:00,-0.17030159
2025-08-19 01:00:00,0.24622259
2025-08-19 02:00:00,0.7477004
2025-08-19 03:00:00,1.2463833
2025-08-19 04:00:00,1.6542821
2025-08-19 05:00:00,1.9168391
2025-08-19 06:00:00,1.9733142
2025-08-19 07:00:00,1.7446712
2025-08-19 08:00:00,1.3602418
2025-08-19 09:00:00,0.9320132
2025-08-19 10:00:00,0.49543613
2025-08-19 11:00:00,0.10284006
2025-08-19 12:00:00,-0.20011279
2025-08-19 13:00:00,-0.2895413
2025-08-19 14:00:00,0.047302157
2025-08-19 15:00:00,0.54964924
2025-08-19 16:00:00,1.0283209
2025-08-19 17:00:00,1.42317
2025-08-19 18:00:00,1.6536256
2025-08-19 19:00:00,1.6084267
2025-08-19 20:00:00,1.3108552
2025-08-19 21:00:00,0.9155534
2025-08-19 22:00:00,0.49348012
2025-08-19 23:00:00,0.09849563
2025-08-20 00:00:00,-0.21869564
2025-08-20 01:00:00,-0.3338704
2025-08-20 02:00:00,0.048894893
2025-08-20 03:00:00,0.65042645
2025-08-20 04:00:00,1.252845
2025-08-20 05:00:00,1.7913291
2025-08-20 06:00:00,2.155372
2025-08-20 07:00:00,2.2240708
2025-08-20 08:00:00,1.9690299
2025-08-20 09:00:00,1.536523
2025-08-20 10:00:00,1.0614148
2025-08-20 11:00:00,0.5776569
2025-08-20 12:00:00,0.12805979
2025-08-20 13:00:00,-0.24956296
2025-08-20 14:00:00,-0.42788002
2025-08-20 15:00:00,-0.0871002
2025-08-20 16:00:00,0.50944984
2025-08-20 17:00:00,1.0889273
2025-08-20 18:00:00,1.5740383
2025-08-20 19:00:00,1.8638178
2025-08-20 20:00:00,1.8221076
2025-08-20 21:00:00,1.4782783
2025-08-20 22:00:00,1.0356162
2025-08-20 23:00:00,0.5664707
2025-08-21 00:00:00,0.123844095
2025-08-21 01:00:00,-0.2530115
2025-08-21 02:00:00,-0.42380646
2025-08-21 03:00:00,-0.031828858
2025-08-21 04:00:00,0.6296452
2025-08-21 05:00:00,1.2873452
2025-08-21 06:00:00,1.8655564
2025-08-21 07:00:00,2.246224
2025-08-21 08:00:00,2.2951343
2025-08-21 09:00:00,1.9821035
2025-08-21 10:00:00,1.5166639
2025-08-21 11:00:00,1.0146477
2025-08-21 12:00:00,0.5124252
2025-08-21 13:00:00,0.04830821
2025-08-21 14:00:00,-0.33695617
2025-08-21 15:00:00,-0.43586743
2025-08-21 16:00:00,0.03217507
2025-08-21 17:00:00,0.66978353
2025-08-21 18:00:00,1.2485789
2025-08-21 19:00:00,1.7034496
2025-08-21 20:00:00,1.9194317
2025-08-21 21:00:00,1.7660694
2025-08-21 22:00:00,1.3733627
2025-08-21 23:00:00,0.91199493
2025-08-22 00:00:00,0.43314007
2025-08-22 01:00:00,-0.015749542
2025-08-22 02:00:00,-0.39559785
2025-08-22 03:00:00,-0.44797242
2025-08-22 04:00:00,0.13560578
2025-08-22 05:00:00,0.89153945
2025-08-22 06:00:00,1.5919355
2025-08-22 07:00:00,2.1569338
2025-08-22 08:00:00,2.4744341
2025-08-22 09:00:00,2.3890471
2025-08-22 10:00:00,2.0008473
2025-08-22 11:00:00,1.498768
2025-08-22 12:00:00,0.9687811
2025-08-22 13:00:00,0.44865817
2025-08-22 14:00:00,-0.025405059
2025-08-22 15:00:00,-0.39889166
2025-08-22 16:00:00,-0.30140716
2025-08-22 17:00:00,0.3205566
2025-08-22 18:00:00,1.0151519
2025-08-22 19:00:00,1.6133862
2025-08-22 20:00:00,2.0259368
2025-08-22 21:00:00,2.1307452
2025-08-22 22:00:00,1.8341384
2025-08-22 23:00:00,1.3783756
2025-08-23 00:00:00,0.8754806
2025-08-23 01:00:00,0.37341517
2025-08-23 02:00:00,-0.08523567
2025-08-23 03:00:00,-0.43973038
2025-08-23 04:00:00,-0.28590053
2025-08-23 05:00:00,0.38764745
2025-08-23 06:00:00,1.147097
2025-08-23 07:00:00,1.83683
2025-08-23 08:00:00,2.3405652
2025-08-23 09:00:00,2.5269573
2025-08-23 10:00:00,2.283998
2025-08-23 11:00:00,1.8117869
2025-08-23 12:00:00,1.2864263
2025-08-23 13:00:00,0.7492573
2025-08-23 14:00:00,0.23430336
2025-08-23 15:00:00,-0.21534824
2025-08-23 16:00:00,-0.45412177
2025-08-23 17:00:00,-0.0130722765
2025-08-23 18:00:00,0.7060532
2025-08-23 19:00:00,1.376503
2025-08-23 20:00:00,1.9194741
2025-08-23 21:00:00,2.2100372
2025-08-23 22:00:00,2.1010022
2025-08-23 23:00:00,1.6891582
2025-08-24 00:00:00,1.194654
2025-08-24 01:00:00,0.67496544
2025-08-24 02:00:00,0.17371789
2025-08-24 03:00:00,-0.2688313
2025-08-24 04:00:00,-0.5252235
2025-08-24 05:00:00,-0.090628825
2025-08-24 06:00:00,0.6647605
2025-08-24 07:00:00,1.4032934
2025-08-24 08:00:00,2.024685
2025-08-24 09:00:00,2.4064736
2025-08-24 10:00:00,2.3942938
2025-08-24 11:00:00,2.0066738
2025-08-24 12:00:00,1.5036503
2025-08-24 13:00:00,0.9652825
2025-08-24 14:00:00,0.43556142
2025-08-24 15:00:00,-0.05177058
2025-08-24 16:00:00,-0.44899052
2025-08-24 17:00:00,-0.38065583
2025-08-24 18:00:00,0.26255673
2025-08-24 19:00:00,1.0073243
2025-08-24 20:00:00,1.6515287
2025-08-24 21:00:00,2.1016088
2025-08-24 22:00:00,2.23414
2025-08-24 23:00:00,1.9412162
2025-08-25 00:00:00,1.4765872
